trade_date,symbol,company_name,sector,open_price,high_price,low_price,close_price,Volume,turnover,market_cap
29-09-2010,BAJFINANCE,Bajaj Finance Ltd,Financial Services,780,805,770,774.6,26000,2040000000000.00,0.654
30-09-2010,BAJFINANCE,Bajaj Finance Ltd,Financial Services,775,783.45,766.25,773.55,17350,1340000000000.00,0.6757
01-10-2010,BAJFINANCE,Bajaj Finance Ltd,Financial Services,763,797.3,760.25,774.95,35941,2800000000000.00,0.7407
04-10-2010,BAJFINANCE,Bajaj Finance Ltd,Financial Services,788,795,775,783.4,31160,2450000000000.00,0.594
05-10-2010,BAJFINANCE,Bajaj Finance Ltd,Financial Services,775.1,788,772.05,779,32141,2500000000000.00,0.8349
06-10-2010,BAJFINANCE,Bajaj Finance Ltd,Financial Services,812,812,773,799.45,69177,5510000000000.00,0.7801
07-10-2010,BAJFINANCE,Bajaj Finance Ltd,Financial Services,791,807,778.2,783.85,38093,3030000000000.00,0.6554
08-10-2010,BAJFINANCE,Bajaj Finance Ltd,Financial Services,780,799,776.55,779.25,20060,1570000000000.00,0.6635
11-10-2010,BAJFINANCE,Bajaj Finance Ltd,Financial Services,782.5,798,782.5,793.65,16798,1330000000000.00,0.676
12-10-2010,BAJFINANCE,Bajaj Finance Ltd,Financial Services,782.1,803.95,782.1,798.15,22402,1780000000000.00,0.7557
13-10-2010,BAJFINANCE,Bajaj Finance Ltd,Financial Services,791,805,791,797.6,36541,2920000000000.00,0.7559
14-10-2010,BAJFINANCE,Bajaj Finance Ltd,Financial Services,798,807,798,805.4,47108,3790000000000.00,0.8248
15-10-2010,BAJFINANCE,Bajaj Finance Ltd,Financial Services,795,806,782.05,784.9,14809,1170000000000.00,0.6986
18-10-2010,BAJFINANCE,Bajaj Finance Ltd,Financial Services,799,799,745,759.95,64137,4900000000000.00,0.65
19-10-2010,BAJFINANCE,Bajaj Finance Ltd,Financial Services,775,775,747,751.2,52109,3970000000000.00,0.6136
20-10-2010,BAJFINANCE,Bajaj Finance Ltd,Financial Services,760,775,757,765.8,26636,2050000000000.00,0.7232
21-10-2010,BAJFINANCE,Bajaj Finance Ltd,Financial Services,770,774,768,771.6,24106,1860000000000.00,0.7893
22-10-2010,BAJFINANCE,Bajaj Finance Ltd,Financial Services,777,777,770,772.9,8814,681000000000.00,0.7392
25-10-2010,BAJFINANCE,Bajaj Finance Ltd,Financial Services,772,797.25,770,791.2,18209,1430000000000.00,0.7278
26-10-2010,BAJFINANCE,Bajaj Finance Ltd,Financial Services,788,797.9,775.2,783.95,8898,702000000000.00,0.6306
27-10-2010,BAJFINANCE,Bajaj Finance Ltd,Financial Services,784.2,789.85,770,777.35,7409,578000000000.00,0.6218
28-10-2010,BAJFINANCE,Bajaj Finance Ltd,Financial Services,771,780,770.1,770.6,5769,447000000000.00,0.6209
29-10-2010,BAJFINANCE,Bajaj Finance Ltd,Financial Services,768.45,790,739.8,774.45,36854,2830000000000.00,0.7468
01-11-2010,BAJFINANCE,Bajaj Finance Ltd,Financial Services,790,801,781.5,798.6,22483,1790000000000.00,0.7195
02-11-2010,BAJFINANCE,Bajaj Finance Ltd,Financial Services,805,838,799,806.4,158531,13000000000000.00,0.4768
03-11-2010,BAJFINANCE,Bajaj Finance Ltd,Financial Services,810,818.65,795,799.25,21687,1750000000000.00,0.7017
04-11-2010,BAJFINANCE,Bajaj Finance Ltd,Financial Services,785.5,811.8,785.5,810.3,16533,1340000000000.00,0.7525
05-11-2010,BAJFINANCE,Bajaj Finance Ltd,Financial Services,812,820,805,811.9,7313,594000000000.00,0.8224
08-11-2010,BAJFINANCE,Bajaj Finance Ltd,Financial Services,811.95,817,801.55,809.15,13274,1070000000000.00,0.797
09-11-2010,BAJFINANCE,Bajaj Finance Ltd,Financial Services,803,828,803,815.8,34403,2800000000000.00,0.7942
10-11-2010,BAJFINANCE,Bajaj Finance Ltd,Financial Services,810,823.9,808,809.9,24918,2030000000000.00,0.7558
11-11-2010,BAJFINANCE,Bajaj Finance Ltd,Financial Services,812,814,786,795.9,39459,3150000000000.00,0.779
12-11-2010,BAJFINANCE,Bajaj Finance Ltd,Financial Services,795.9,798,775.1,782.75,35124,2760000000000.00,0.8792
15-11-2010,BAJFINANCE,Bajaj Finance Ltd,Financial Services,778,799.9,778,781.55,21302,1670000000000.00,0.7295
16-11-2010,BAJFINANCE,Bajaj Finance Ltd,Financial Services,780.1,794.85,751.1,778.6,35834,2770000000000.00,0.8276
18-11-2010,BAJFINANCE,Bajaj Finance Ltd,Financial Services,798,798,736,772.3,16263,1240000000000.00,0.691
19-11-2010,BAJFINANCE,Bajaj Finance Ltd,Financial Services,769.95,786.9,750.15,761.6,14753,1120000000000.00,0.6633
22-11-2010,BAJFINANCE,Bajaj Finance Ltd,Financial Services,760,776,752,763.85,10724,814000000000.00,0.5759
23-11-2010,BAJFINANCE,Bajaj Finance Ltd,Financial Services,765,772,753,764.2,11373,866000000000.00,0.7032
24-11-2010,BAJFINANCE,Bajaj Finance Ltd,Financial Services,757,774.55,755,758.55,8722,669000000000.00,0.6418
25-11-2010,BAJFINANCE,Bajaj Finance Ltd,Financial Services,761,761,725.05,734.65,18648,1380000000000.00,0.8141
26-11-2010,BAJFINANCE,Bajaj Finance Ltd,Financial Services,729,742,650,730.15,53587,3790000000000.00,0.8422
29-11-2010,BAJFINANCE,Bajaj Finance Ltd,Financial Services,730.15,730.15,676.2,713.6,43622,3070000000000.00,0.7304
30-11-2010,BAJFINANCE,Bajaj Finance Ltd,Financial Services,706,719.9,696,707.35,9093,644000000000.00,0.5406
01-12-2010,BAJFINANCE,Bajaj Finance Ltd,Financial Services,710,731.8,710,713.3,9889,711000000000.00,0.6492
02-12-2010,BAJFINANCE,Bajaj Finance Ltd,Financial Services,718,748,712.4,741.85,11280,829000000000.00,0.663
03-12-2010,BAJFINANCE,Bajaj Finance Ltd,Financial Services,742,742,710,719.95,6205,450000000000.00,0.605
06-12-2010,BAJFINANCE,Bajaj Finance Ltd,Financial Services,725,728,705,707.15,4518,325000000000.00,0.7103
07-12-2010,BAJFINANCE,Bajaj Finance Ltd,Financial Services,729,729,665,671.75,65152,4450000000000.00,0.7742
08-12-2010,BAJFINANCE,Bajaj Finance Ltd,Financial Services,675,681,660,670.05,24946,1670000000000.00,0.8919
09-12-2010,BAJFINANCE,Bajaj Finance Ltd,Financial Services,689.95,689.95,639,661,66998,4400000000000.00,0.8115
10-12-2010,BAJFINANCE,Bajaj Finance Ltd,Financial Services,689.8,699,632,687.45,12216,813000000000.00,0.5368
13-12-2010,BAJFINANCE,Bajaj Finance Ltd,Financial Services,687.25,709,662.25,698.65,6963,478000000000.00,0.52
14-12-2010,BAJFINANCE,Bajaj Finance Ltd,Financial Services,704,709.7,683,705.5,5716,403000000000.00,0.7073
15-12-2010,BAJFINANCE,Bajaj Finance Ltd,Financial Services,692,700,681.4,690.5,1747,121000000000.00,0.8369
16-12-2010,BAJFINANCE,Bajaj Finance Ltd,Financial Services,697,697,682.05,688.05,1216,83819930000.00,0.6275
20-12-2010,BAJFINANCE,Bajaj Finance Ltd,Financial Services,686,698.95,675,688,9371,645000000000.00,0.6816
21-12-2010,BAJFINANCE,Bajaj Finance Ltd,Financial Services,685,698,678.1,684.25,9127,629000000000.00,0.9295
22-12-2010,BAJFINANCE,Bajaj Finance Ltd,Financial Services,683,694.8,680,681.7,4128,284000000000.00,0.7389
23-12-2010,BAJFINANCE,Bajaj Finance Ltd,Financial Services,693,703,683.5,701.4,14064,981000000000.00,0.7713
24-12-2010,BAJFINANCE,Bajaj Finance Ltd,Financial Services,690.4,703,688.05,693,13384,935000000000.00,0.4808
27-12-2010,BAJFINANCE,Bajaj Finance Ltd,Financial Services,700.05,709,685.15,689.05,4644,323000000000.00,0.6527
28-12-2010,BAJFINANCE,Bajaj Finance Ltd,Financial Services,699.95,709.75,695.15,699.95,19000,1330000000000.00,0.5244
29-12-2010,BAJFINANCE,Bajaj Finance Ltd,Financial Services,705,709,688.5,699.1,16164,1120000000000.00,0.7052
30-12-2010,BAJFINANCE,Bajaj Finance Ltd,Financial Services,704.9,705,700,703.85,6563,462000000000.00,0.698
31-12-2010,BAJFINANCE,Bajaj Finance Ltd,Financial Services,704,707,699.9,703.6,22015,1550000000000.00,0.84
03-01-2011,BAJFINANCE,Bajaj Finance Ltd,Financial Services,718.75,718.75,703.4,704.75,12624,890000000000.00,0.8123
04-01-2011,BAJFINANCE,Bajaj Finance Ltd,Financial Services,705,734,696.1,700.4,56988,4060000000000.00,0.7374
05-01-2011,BAJFINANCE,Bajaj Finance Ltd,Financial Services,693,709.85,693,697.5,203551,14200000000000.00,0.986
06-01-2011,BAJFINANCE,Bajaj Finance Ltd,Financial Services,709,715.05,685.05,688.75,9908,695000000000.00,0.6872
07-01-2011,BAJFINANCE,Bajaj Finance Ltd,Financial Services,685,690,655,659.65,12430,838000000000.00,0.7533
10-01-2011,BAJFINANCE,Bajaj Finance Ltd,Financial Services,650.1,677,620.1,643.8,35242,2340000000000.00,0.7944
11-01-2011,BAJFINANCE,Bajaj Finance Ltd,Financial Services,631,649.95,631,635.65,19307,1230000000000.00,0.8182
12-01-2011,BAJFINANCE,Bajaj Finance Ltd,Financial Services,635.4,645,635.4,644.1,2178,139000000000.00,0.5459
13-01-2011,BAJFINANCE,Bajaj Finance Ltd,Financial Services,638,650,632.2,640.1,5922,381000000000.00,0.8604
14-01-2011,BAJFINANCE,Bajaj Finance Ltd,Financial Services,632.6,647.6,615.9,633,13866,879000000000.00,0.7596
17-01-2011,BAJFINANCE,Bajaj Finance Ltd,Financial Services,626.1,645,620,634.05,7159,453000000000.00,0.497
18-01-2011,BAJFINANCE,Bajaj Finance Ltd,Financial Services,635,664,623,651.5,145857,9430000000000.00,0.202
19-01-2011,BAJFINANCE,Bajaj Finance Ltd,Financial Services,658,664.75,627.1,630.95,16577,1070000000000.00,0.6412
20-01-2011,BAJFINANCE,Bajaj Finance Ltd,Financial Services,618,638,605.1,622.35,16204,1020000000000.00,0.7581
21-01-2011,BAJFINANCE,Bajaj Finance Ltd,Financial Services,629,634.9,626.5,629.35,3885,245000000000.00,0.6528
24-01-2011,BAJFINANCE,Bajaj Finance Ltd,Financial Services,631.2,645,627,641.55,3903,249000000000.00,0.7207
25-01-2011,BAJFINANCE,Bajaj Finance Ltd,Financial Services,652,655,618,620.7,8255,520000000000.00,0.6601
27-01-2011,BAJFINANCE,Bajaj Finance Ltd,Financial Services,620.05,627,609.3,611.1,5681,351000000000.00,0.7958
28-01-2011,BAJFINANCE,Bajaj Finance Ltd,Financial Services,610,610,576.1,591.45,14832,878000000000.00,0.5751
31-01-2011,BAJFINANCE,Bajaj Finance Ltd,Financial Services,590,610,561.6,587.45,43019,2490000000000.00,0.7868
01-02-2011,BAJFINANCE,Bajaj Finance Ltd,Financial Services,589,607,555.05,561.4,42566,2400000000000.00,0.6138
02-02-2011,BAJFINANCE,Bajaj Finance Ltd,Financial Services,574,574,536.15,544.4,12438,686000000000.00,0.6821
03-02-2011,BAJFINANCE,Bajaj Finance Ltd,Financial Services,562.65,604,536,599.6,26807,1550000000000.00,0.5647
04-02-2011,BAJFINANCE,Bajaj Finance Ltd,Financial Services,603,627.8,580,590.65,30725,1880000000000.00,0.4219
07-02-2011,BAJFINANCE,Bajaj Finance Ltd,Financial Services,590.05,599,580.05,595.1,8404,500000000000.00,0.8049
08-02-2011,BAJFINANCE,Bajaj Finance Ltd,Financial Services,590.15,596,581,589,9991,587000000000.00,0.6879
09-02-2011,BAJFINANCE,Bajaj Finance Ltd,Financial Services,574.15,593.85,574,590.25,28700,1690000000000.00,0.8965
10-02-2011,BAJFINANCE,Bajaj Finance Ltd,Financial Services,592.95,592.95,546.1,565.05,31993,1800000000000.00,0.8669
11-02-2011,BAJFINANCE,Bajaj Finance Ltd,Financial Services,565.4,624.4,564,600.1,8483,494000000000.00,0.6486
14-02-2011,BAJFINANCE,Bajaj Finance Ltd,Financial Services,610,623,601,614.05,3827,234000000000.00,0.6389
15-02-2011,BAJFINANCE,Bajaj Finance Ltd,Financial Services,615.25,620,601,611.6,7176,438000000000.00,0.624
16-02-2011,BAJFINANCE,Bajaj Finance Ltd,Financial Services,616,617,591.55,600.55,2725,165000000000.00,0.5508
17-02-2011,BAJFINANCE,Bajaj Finance Ltd,Financial Services,610,616.95,605,615.45,40235,2460000000000.00,0.9691
18-02-2011,BAJFINANCE,Bajaj Finance Ltd,Financial Services,620.15,670,620,630.2,42725,2770000000000.00,0.4724
09-07-2003,MARUTI,Maruti Suzuki India Ltd,Automobile,164.9,170.4,155,164.3,35164283,584000000000000.00,0.2428
10-07-2003,MARUTI,Maruti Suzuki India Ltd,Automobile,167,168.7,164.5,167,10464179,174000000000000.00,0.417
11-07-2003,MARUTI,Maruti Suzuki India Ltd,Automobile,167.75,174.85,166.25,173.35,11740117,202000000000000.00,0.2568
14-07-2003,MARUTI,Maruti Suzuki India Ltd,Automobile,174.25,179.25,174.25,177.95,5982324,106000000000000.00,0.3258
15-07-2003,MARUTI,Maruti Suzuki India Ltd,Automobile,200,200,173,176.2,6173689,109000000000000.00,0.2118
16-07-2003,MARUTI,Maruti Suzuki India Ltd,Automobile,176.45,179.1,175.35,177.1,3759085,66800000000000.00,0.3074
17-07-2003,MARUTI,Maruti Suzuki India Ltd,Automobile,177.5,178,170.65,172.2,3814181,66900000000000.00,0.279
18-07-2003,MARUTI,Maruti Suzuki India Ltd,Automobile,165,171.9,160,167.4,5375212,90100000000000.00,0.2657
21-07-2003,MARUTI,Maruti Suzuki India Ltd,Automobile,169,169.4,163.05,164.9,3315845,55300000000000.00,0.2957
22-07-2003,MARUTI,Maruti Suzuki India Ltd,Automobile,164,169.15,162.1,167.25,4627992,76400000000000.00,0.2716
23-07-2003,MARUTI,Maruti Suzuki India Ltd,Automobile,170.5,178,169.8,174.7,13262249,231000000000000.00,0.2145
24-07-2003,MARUTI,Maruti Suzuki India Ltd,Automobile,175.9,177,172.85,174.1,4305936,75100000000000.00,0.2273
25-07-2003,MARUTI,Maruti Suzuki India Ltd,Automobile,174.4,175,172.1,173.65,2832967,49200000000000.00,0.233
28-07-2003,MARUTI,Maruti Suzuki India Ltd,Automobile,188,188,175.1,178.85,5415867,96400000000000.00,0.2932
29-07-2003,MARUTI,Maruti Suzuki India Ltd,Automobile,179.95,182.9,179.1,180.3,5229181,94600000000000.00,0.2034
30-07-2003,MARUTI,Maruti Suzuki India Ltd,Automobile,181.25,184.75,180.1,181.1,4632246,84600000000000.00,0.2224
31-07-2003,MARUTI,Maruti Suzuki India Ltd,Automobile,181.7,183.65,179.65,180.85,3562717,64800000000000.00,0.3015
01-08-2003,MARUTI,Maruti Suzuki India Ltd,Automobile,182,189,178.75,187.15,8027285,148000000000000.00,0.2571
04-08-2003,MARUTI,Maruti Suzuki India Ltd,Automobile,187.85,198.5,185,197.6,9982429,194000000000000.00,0.2698
05-08-2003,MARUTI,Maruti Suzuki India Ltd,Automobile,199,203.45,192.85,193.6,9651327,191000000000000.00,0.1679
06-08-2003,MARUTI,Maruti Suzuki India Ltd,Automobile,191.5,197.5,189.85,191.6,7451054,144000000000000.00,0.1298
07-08-2003,MARUTI,Maruti Suzuki India Ltd,Automobile,193.5,196,192.25,195.4,3223676,62600000000000.00,0.1196
08-08-2003,MARUTI,Maruti Suzuki India Ltd,Automobile,197,198.9,196,197.15,2530289,49900000000000.00,0.173
11-08-2003,MARUTI,Maruti Suzuki India Ltd,Automobile,198.1,203.8,196,202.2,5651311,114000000000000.00,0.224
12-08-2003,MARUTI,Maruti Suzuki India Ltd,Automobile,203.8,212,203.5,210.45,8215213,171000000000000.00,0.2682
13-08-2003,MARUTI,Maruti Suzuki India Ltd,Automobile,213,219.5,212,217.8,7839204,169000000000000.00,0.2426
14-08-2003,MARUTI,Maruti Suzuki India Ltd,Automobile,223,224.4,215,216.55,6298655,139000000000000.00,0.2151
18-08-2003,MARUTI,Maruti Suzuki India Ltd,Automobile,218.1,221,215.4,216.9,3382031,73700000000000.00,0.1808
19-08-2003,MARUTI,Maruti Suzuki India Ltd,Automobile,219.85,219.9,215,215.65,3080091,66700000000000.00,0.3472
20-08-2003,MARUTI,Maruti Suzuki India Ltd,Automobile,217.4,226.45,217.3,225,6049174,135000000000000.00,0.2216
21-08-2003,MARUTI,Maruti Suzuki India Ltd,Automobile,227,228.9,223.3,227.95,4012069,91100000000000.00,0.269
22-08-2003,MARUTI,Maruti Suzuki India Ltd,Automobile,228.05,232.8,225.9,229.3,4436016,102000000000000.00,0.2061
25-08-2003,MARUTI,Maruti Suzuki India Ltd,Automobile,230,231.45,216.1,221.05,4827198,107000000000000.00,0.2882
26-08-2003,MARUTI,Maruti Suzuki India Ltd,Automobile,217,235,217,232.45,3968069,90800000000000.00,0.2435
27-08-2003,MARUTI,Maruti Suzuki India Ltd,Automobile,235.4,237.6,233,234.3,2267859,53400000000000.00,0.2178
28-08-2003,MARUTI,Maruti Suzuki India Ltd,Automobile,235.75,235.75,226,228.05,3554363,81500000000000.00,0.3062
29-08-2003,MARUTI,Maruti Suzuki India Ltd,Automobile,232.05,238.5,231.5,235.4,3212067,75600000000000.00,0.2957
01-09-2003,MARUTI,Maruti Suzuki India Ltd,Automobile,236.4,237,231.7,235.55,2478236,58200000000000.00,0.3015
02-09-2003,MARUTI,Maruti Suzuki India Ltd,Automobile,234.85,234.85,224.1,226.55,3975812,90200000000000.00,0.3525
03-09-2003,MARUTI,Maruti Suzuki India Ltd,Automobile,227.1,231.75,221,222.8,3945233,89300000000000.00,0.1977
04-09-2003,MARUTI,Maruti Suzuki India Ltd,Automobile,223,225.7,218.45,221.55,3682478,81600000000000.00,0.3383
05-09-2003,MARUTI,Maruti Suzuki India Ltd,Automobile,223.9,230,222.4,229.3,2971415,67100000000000.00,0.3287
08-09-2003,MARUTI,Maruti Suzuki India Ltd,Automobile,231,233.9,227.15,228.75,1817991,41900000000000.00,0.2838
09-09-2003,MARUTI,Maruti Suzuki India Ltd,Automobile,230,235,225.8,228.2,2034401,46400000000000.00,0.466
10-09-2003,MARUTI,Maruti Suzuki India Ltd,Automobile,227.75,230.4,225.8,227.8,1476667,33700000000000.00,0.1822
11-09-2003,MARUTI,Maruti Suzuki India Ltd,Automobile,230,230.1,225,225.65,1092801,24900000000000.00,0.279
12-09-2003,MARUTI,Maruti Suzuki India Ltd,Automobile,228,228.5,219.1,220.35,2496597,55500000000000.00,0.415
15-09-2003,MARUTI,Maruti Suzuki India Ltd,Automobile,219,221.35,207.1,208.35,3469640,73200000000000.00,0.396
16-09-2003,MARUTI,Maruti Suzuki India Ltd,Automobile,207,210,195.1,208.5,4004037,81300000000000.00,0.296
17-09-2003,MARUTI,Maruti Suzuki India Ltd,Automobile,212.5,219.5,209.25,216.05,3800473,81500000000000.00,0.3205
18-09-2003,MARUTI,Maruti Suzuki India Ltd,Automobile,215.9,215.9,203.4,205.6,2813556,58800000000000.00,0.322
19-09-2003,MARUTI,Maruti Suzuki India Ltd,Automobile,207,210.4,198.8,205.75,3442717,70400000000000.00,0.264
22-09-2003,MARUTI,Maruti Suzuki India Ltd,Automobile,206,212.8,205.75,210.7,2575343,54000000000000.00,0.2813
23-09-2003,MARUTI,Maruti Suzuki India Ltd,Automobile,210.3,214.4,208.2,213.15,1766451,37300000000000.00,0.1822
24-09-2003,MARUTI,Maruti Suzuki India Ltd,Automobile,216,221,213.1,219.95,2133208,46400000000000.00,0.3148
25-09-2003,MARUTI,Maruti Suzuki India Ltd,Automobile,220.1,220.1,211.5,213.7,1916650,41400000000000.00,0.3973
26-09-2003,MARUTI,Maruti Suzuki India Ltd,Automobile,214.4,217.85,213.1,214.8,2531520,54500000000000.00,0.4517
29-09-2003,MARUTI,Maruti Suzuki India Ltd,Automobile,216,229.45,215.15,227.2,3711837,82900000000000.00,0.3125
30-09-2003,MARUTI,Maruti Suzuki India Ltd,Automobile,230,233.35,228,232.55,3594810,83200000000000.00,0.2942
01-10-2003,MARUTI,Maruti Suzuki India Ltd,Automobile,232,233,227.1,228.45,2402620,55200000000000.00,0.2546
03-10-2003,MARUTI,Maruti Suzuki India Ltd,Automobile,229,235,228.9,234.4,2511914,58400000000000.00,0.3811
06-10-2003,MARUTI,Maruti Suzuki India Ltd,Automobile,236.6,242.35,235,241.3,3094324,74300000000000.00,0.3145
07-10-2003,MARUTI,Maruti Suzuki India Ltd,Automobile,244,246.4,236.05,237.55,2440562,59100000000000.00,0.1891
08-10-2003,MARUTI,Maruti Suzuki India Ltd,Automobile,238.75,245,237.1,240.25,1859277,44800000000000.00,0.1629
09-10-2003,MARUTI,Maruti Suzuki India Ltd,Automobile,240.85,259.75,240.85,258.05,6993550,177000000000000.00,0.192
10-10-2003,MARUTI,Maruti Suzuki India Ltd,Automobile,260.65,272.4,259.8,269.1,3707816,98400000000000.00,0.1986
13-10-2003,MARUTI,Maruti Suzuki India Ltd,Automobile,273,280.35,272,276.1,3693070,102000000000000.00,0.1461
14-10-2003,MARUTI,Maruti Suzuki India Ltd,Automobile,278,278.6,262.8,264.9,5123854,138000000000000.00,0.1828
15-10-2003,MARUTI,Maruti Suzuki India Ltd,Automobile,264.9,272.7,261.3,270.5,3478259,93400000000000.00,0.1192
16-10-2003,MARUTI,Maruti Suzuki India Ltd,Automobile,273.7,281.3,272.5,276.2,4100489,114000000000000.00,0.1477
17-10-2003,MARUTI,Maruti Suzuki India Ltd,Automobile,280.55,286.4,275.45,282.3,4126840,117000000000000.00,0.149
20-10-2003,MARUTI,Maruti Suzuki India Ltd,Automobile,282,284.8,273.3,274.75,2192534,61200000000000.00,0.248
21-10-2003,MARUTI,Maruti Suzuki India Ltd,Automobile,276.1,279,257,261.25,3223848,87300000000000.00,0.2082
22-10-2003,MARUTI,Maruti Suzuki India Ltd,Automobile,263.95,279,260.55,263.7,2569557,68200000000000.00,0.1522
23-10-2003,MARUTI,Maruti Suzuki India Ltd,Automobile,264.5,273.25,261.65,263.8,3114998,83600000000000.00,0.1297
24-10-2003,MARUTI,Maruti Suzuki India Ltd,Automobile,265,291,260,285,5225375,144000000000000.00,0.1382
25-10-2003,MARUTI,Maruti Suzuki India Ltd,Automobile,294.9,297.7,291.5,293.75,1888755,55600000000000.00,0.1246
27-10-2003,MARUTI,Maruti Suzuki India Ltd,Automobile,294.9,298,281.6,283.2,5831782,170000000000000.00,0.1148
28-10-2003,MARUTI,Maruti Suzuki India Ltd,Automobile,283,291.9,277.8,286.3,5640636,162000000000000.00,0.0941
29-10-2003,MARUTI,Maruti Suzuki India Ltd,Automobile,291.45,308.3,286.2,305,7996572,237000000000000.00,0.1323
30-10-2003,MARUTI,Maruti Suzuki India Ltd,Automobile,306.5,310.7,302,305.9,7108567,218000000000000.00,0.1281
31-10-2003,MARUTI,Maruti Suzuki India Ltd,Automobile,307.8,324.2,306.5,322.3,9924397,314000000000000.00,0.0675
03-11-2003,MARUTI,Maruti Suzuki India Ltd,Automobile,324,349.5,324,347.6,9820043,334000000000000.00,0.185
04-11-2003,MARUTI,Maruti Suzuki India Ltd,Automobile,355,356.6,345.2,349.5,7884723,276000000000000.00,0.1382
05-11-2003,MARUTI,Maruti Suzuki India Ltd,Automobile,350,350,330.1,336.1,7280790,247000000000000.00,0.1727
06-11-2003,MARUTI,Maruti Suzuki India Ltd,Automobile,340,345.7,334,338.45,6122862,208000000000000.00,0.1567
07-11-2003,MARUTI,Maruti Suzuki India Ltd,Automobile,340.9,343.4,331.25,333.25,4584798,154000000000000.00,0.1843
10-11-2003,MARUTI,Maruti Suzuki India Ltd,Automobile,337,345,327.1,341.7,1953978,66100000000000.00,0.1659
11-11-2003,MARUTI,Maruti Suzuki India Ltd,Automobile,343.75,346.85,338.35,340.7,3262766,112000000000000.00,0.1647
12-11-2003,MARUTI,Maruti Suzuki India Ltd,Automobile,338.05,347,338.05,342.95,3302571,114000000000000.00,0.121
13-11-2003,MARUTI,Maruti Suzuki India Ltd,Automobile,344.95,356.7,338,346.75,7982920,280000000000000.00,0.1433
14-11-2003,MARUTI,Maruti Suzuki India Ltd,Automobile,346,346.5,326.15,329.3,4834168,163000000000000.00,0.2002
15-11-2003,MARUTI,Maruti Suzuki India Ltd,Automobile,330,342,325.65,337.45,1843493,61500000000000.00,0.086
17-11-2003,MARUTI,Maruti Suzuki India Ltd,Automobile,340.65,353.5,337,350,4081415,141000000000000.00,0.1621
18-11-2003,MARUTI,Maruti Suzuki India Ltd,Automobile,353,354.4,340,344.05,4672908,162000000000000.00,0.111
19-11-2003,MARUTI,Maruti Suzuki India Ltd,Automobile,346,346,329,330.6,4672785,157000000000000.00,0.1807
20-11-2003,MARUTI,Maruti Suzuki India Ltd,Automobile,331.95,339.05,321,323.05,5484243,182000000000000.00,0.1393
21-11-2003,MARUTI,Maruti Suzuki India Ltd,Automobile,324,327,314.1,324.05,8100784,259000000000000.00,0.124
24-11-2003,MARUTI,Maruti Suzuki India Ltd,Automobile,328.7,333,324,327.25,5287524,174000000000000.00,0.1102
25-11-2003,MARUTI,Maruti Suzuki India Ltd,Automobile,330.55,338.5,328.65,337.3,5021011,167000000000000.00,0.1247
05-10-2007,POWERGRID,Power Grid Corporation of India Ltd,Utilities,89.8,109.5,83.15,100.6,481058927,4930000000000000.00,0.3771
08-10-2007,POWERGRID,Power Grid Corporation of India Ltd,Utilities,104,104,94.85,95.45,71252858,699000000000000.00,0.3104
09-10-2007,POWERGRID,Power Grid Corporation of India Ltd,Utilities,95.5,102.85,90.35,101.95,65658228,647000000000000.00,0.2588
10-10-2007,POWERGRID,Power Grid Corporation of India Ltd,Utilities,104.6,105,102,102.9,38211410,396000000000000.00,0.4294
11-10-2007,POWERGRID,Power Grid Corporation of India Ltd,Utilities,120,120,102,114.4,59805552,663000000000000.00,0.2931
12-10-2007,POWERGRID,Power Grid Corporation of India Ltd,Utilities,112,117.9,111,113.65,55918584,646000000000000.00,0.2831
15-10-2007,POWERGRID,Power Grid Corporation of India Ltd,Utilities,116,116.7,114.15,115.15,23520928,272000000000000.00,0.3839
16-10-2007,POWERGRID,Power Grid Corporation of India Ltd,Utilities,115.3,128.9,114.5,126.9,77970674,950000000000000.00,0.2255
17-10-2007,POWERGRID,Power Grid Corporation of India Ltd,Utilities,114,140,106.1,136.8,115242925,1470000000000000.00,0.159
18-10-2007,POWERGRID,Power Grid Corporation of India Ltd,Utilities,139,149.45,126.35,132,82472533,1180000000000000.00,0.2765
19-10-2007,POWERGRID,Power Grid Corporation of India Ltd,Utilities,129,136.9,125,131.55,62024917,819000000000000.00,0.1996
22-10-2007,POWERGRID,Power Grid Corporation of India Ltd,Utilities,128.9,133.85,125.5,129.8,40642551,532000000000000.00,0.2282
23-10-2007,POWERGRID,Power Grid Corporation of India Ltd,Utilities,133,140.3,133,139.05,41959654,577000000000000.00,0.2255
24-10-2007,POWERGRID,Power Grid Corporation of India Ltd,Utilities,142,143.5,135.35,136.9,35468542,496000000000000.00,0.2887
25-10-2007,POWERGRID,Power Grid Corporation of India Ltd,Utilities,132.25,139.8,120.65,136.6,19418905,267000000000000.00,0.3094
26-10-2007,POWERGRID,Power Grid Corporation of India Ltd,Utilities,139,142.95,135.25,140.7,35083148,492000000000000.00,0.284
29-10-2007,POWERGRID,Power Grid Corporation of India Ltd,Utilities,143,147,142.3,143.55,24557461,354000000000000.00,0.2966
30-10-2007,POWERGRID,Power Grid Corporation of India Ltd,Utilities,145.5,150.7,141.2,146.75,44955974,658000000000000.00,0.2568
31-10-2007,POWERGRID,Power Grid Corporation of India Ltd,Utilities,147.5,153.1,147,149.8,25118651,380000000000000.00,0.279
01-11-2007,POWERGRID,Power Grid Corporation of India Ltd,Utilities,153.5,154.65,145.25,146.45,28480784,428000000000000.00,0.2739
02-11-2007,POWERGRID,Power Grid Corporation of India Ltd,Utilities,141.15,150,140,149.1,18000957,265000000000000.00,0.2547
05-11-2007,POWERGRID,Power Grid Corporation of India Ltd,Utilities,149,155.5,148.1,152.15,21843644,334000000000000.00,0.2749
06-11-2007,POWERGRID,Power Grid Corporation of India Ltd,Utilities,154.8,163.9,152.05,154.15,46057670,729000000000000.00,0.2351
07-11-2007,POWERGRID,Power Grid Corporation of India Ltd,Utilities,157,159.2,148.5,151.9,18896147,290000000000000.00,0.2054
08-11-2007,POWERGRID,Power Grid Corporation of India Ltd,Utilities,148,153.35,146,149.3,15744672,237000000000000.00,0.2602
09-11-2007,POWERGRID,Power Grid Corporation of India Ltd,Utilities,155,155,146.7,148.7,4863716,72900000000000.00,0.4816
12-11-2007,POWERGRID,Power Grid Corporation of India Ltd,Utilities,144.8,155.6,140.85,152.9,19773981,291000000000000.00,0.2715
13-11-2007,POWERGRID,Power Grid Corporation of India Ltd,Utilities,155.5,159.7,150.55,156.55,24654680,388000000000000.00,0.2335
14-11-2007,POWERGRID,Power Grid Corporation of India Ltd,Utilities,159.3,161.5,153.7,154.5,20665456,323000000000000.00,0.3868
15-11-2007,POWERGRID,Power Grid Corporation of India Ltd,Utilities,157.4,159.85,154.15,157.1,16448771,258000000000000.00,0.46
16-11-2007,POWERGRID,Power Grid Corporation of India Ltd,Utilities,156.4,159.55,154.2,156,10628606,167000000000000.00,0.4187
19-11-2007,POWERGRID,Power Grid Corporation of India Ltd,Utilities,159.55,167.5,158.35,161.65,22903160,373000000000000.00,0.395
20-11-2007,POWERGRID,Power Grid Corporation of India Ltd,Utilities,161,165.5,157.2,159.15,14817475,241000000000000.00,0.3264
21-11-2007,POWERGRID,Power Grid Corporation of India Ltd,Utilities,160.1,161.05,143.2,146.75,15083160,230000000000000.00,0.4402
22-11-2007,POWERGRID,Power Grid Corporation of India Ltd,Utilities,145.2,151.1,135.55,141.7,19179109,271000000000000.00,0.3346
23-11-2007,POWERGRID,Power Grid Corporation of India Ltd,Utilities,151,152,142.6,151.1,15561055,229000000000000.00,0.2664
26-11-2007,POWERGRID,Power Grid Corporation of India Ltd,Utilities,156.7,156.7,151.1,152.3,11339510,174000000000000.00,0.3847
27-11-2007,POWERGRID,Power Grid Corporation of India Ltd,Utilities,154.9,154.9,147,148.55,11572427,173000000000000.00,0.4992
28-11-2007,POWERGRID,Power Grid Corporation of India Ltd,Utilities,151.8,152.5,145.35,146.35,9244865,138000000000000.00,0.3753
29-11-2007,POWERGRID,Power Grid Corporation of India Ltd,Utilities,150,150.8,140.55,142.4,14361173,207000000000000.00,0.5818
30-11-2007,POWERGRID,Power Grid Corporation of India Ltd,Utilities,145,148.8,143,147.9,10371221,152000000000000.00,0.4081
03-12-2007,POWERGRID,Power Grid Corporation of India Ltd,Utilities,149.7,151.85,148.55,150,9478818,142000000000000.00,0.4322
04-12-2007,POWERGRID,Power Grid Corporation of India Ltd,Utilities,151,152.25,146.95,148.05,7879911,118000000000000.00,0.4307
05-12-2007,POWERGRID,Power Grid Corporation of India Ltd,Utilities,148.3,154.5,148,153.95,15595480,237000000000000.00,0.4806
06-12-2007,POWERGRID,Power Grid Corporation of India Ltd,Utilities,157.3,159.65,149.15,151.1,13558903,209000000000000.00,0.4085
07-12-2007,POWERGRID,Power Grid Corporation of India Ltd,Utilities,152.05,154.2,147.75,150.45,6605094,99500000000000.00,0.3216
10-12-2007,POWERGRID,Power Grid Corporation of India Ltd,Utilities,151.9,152.45,148.65,150.6,4685632,70500000000000.00,0.3421
11-12-2007,POWERGRID,Power Grid Corporation of India Ltd,Utilities,151.95,152.8,149.15,149.9,6573349,99300000000000.00,0.4466
12-12-2007,POWERGRID,Power Grid Corporation of India Ltd,Utilities,148,151.15,147,149.8,9192451,137000000000000.00,0.622
13-12-2007,POWERGRID,Power Grid Corporation of India Ltd,Utilities,150.85,152,146.7,147.3,8230435,123000000000000.00,0.5586
14-12-2007,POWERGRID,Power Grid Corporation of India Ltd,Utilities,146.8,148.15,145.1,145.85,6182918,90500000000000.00,0.5211
17-12-2007,POWERGRID,Power Grid Corporation of India Ltd,Utilities,146.7,147.5,135,137.05,10887572,153000000000000.00,0.6246
18-12-2007,POWERGRID,Power Grid Corporation of India Ltd,Utilities,135.5,141,132.2,136.45,12154381,166000000000000.00,0.4546
19-12-2007,POWERGRID,Power Grid Corporation of India Ltd,Utilities,140.85,142.05,132.8,133.95,10983891,151000000000000.00,0.5261
20-12-2007,POWERGRID,Power Grid Corporation of India Ltd,Utilities,135.7,136.8,132,132.6,9621680,129000000000000.00,0.5002
24-12-2007,POWERGRID,Power Grid Corporation of India Ltd,Utilities,134.6,138.8,133.5,136.65,9400232,128000000000000.00,0.4962
26-12-2007,POWERGRID,Power Grid Corporation of India Ltd,Utilities,137.4,142.5,137.4,140.8,11773181,166000000000000.00,0.4961
27-12-2007,POWERGRID,Power Grid Corporation of India Ltd,Utilities,143.7,145.7,140.6,141.8,25067975,359000000000000.00,0.494
28-12-2007,POWERGRID,Power Grid Corporation of India Ltd,Utilities,141.5,143.5,140,142.9,10324419,147000000000000.00,0.543
31-12-2007,POWERGRID,Power Grid Corporation of India Ltd,Utilities,144,144.8,142.2,143.95,6740050,96700000000000.00,0.4827
01-01-2008,POWERGRID,Power Grid Corporation of India Ltd,Utilities,144.7,147.95,143.35,146.6,9386860,137000000000000.00,0.4367
02-01-2008,POWERGRID,Power Grid Corporation of India Ltd,Utilities,146.6,147.7,143.65,145.8,7558472,110000000000000.00,0.4689
03-01-2008,POWERGRID,Power Grid Corporation of India Ltd,Utilities,144.9,152.4,143.15,151.8,17896065,268000000000000.00,0.3927
04-01-2008,POWERGRID,Power Grid Corporation of India Ltd,Utilities,154,156,150,151,15756366,242000000000000.00,0.4237
07-01-2008,POWERGRID,Power Grid Corporation of India Ltd,Utilities,150.05,153.2,148.15,149.75,8920163,134000000000000.00,0.4629
08-01-2008,POWERGRID,Power Grid Corporation of India Ltd,Utilities,149.9,152,142.9,144.65,7471502,109000000000000.00,0.3826
09-01-2008,POWERGRID,Power Grid Corporation of India Ltd,Utilities,144.8,145.45,142,142.35,7376361,106000000000000.00,0.4509
10-01-2008,POWERGRID,Power Grid Corporation of India Ltd,Utilities,143,147,138,138.95,10137942,145000000000000.00,0.3769
11-01-2008,POWERGRID,Power Grid Corporation of India Ltd,Utilities,140.85,142.4,135.5,141.05,6541562,90700000000000.00,0.2759
14-01-2008,POWERGRID,Power Grid Corporation of India Ltd,Utilities,141.3,144.7,139.05,143.2,5773637,81600000000000.00,0.4121
15-01-2008,POWERGRID,Power Grid Corporation of India Ltd,Utilities,145.5,146.1,137.7,138.85,6501565,92300000000000.00,0.3231
16-01-2008,POWERGRID,Power Grid Corporation of India Ltd,Utilities,137.85,139,132.55,136,8344164,113000000000000.00,0.434
17-01-2008,POWERGRID,Power Grid Corporation of India Ltd,Utilities,136.5,142.75,133.6,139.65,9095287,126000000000000.00,0.2148
18-01-2008,POWERGRID,Power Grid Corporation of India Ltd,Utilities,138.5,138.65,132,133.15,7455465,101000000000000.00,0.4566
21-01-2008,POWERGRID,Power Grid Corporation of India Ltd,Utilities,132,132,96.25,110.5,18676349,216000000000000.00,0.5084
22-01-2008,POWERGRID,Power Grid Corporation of India Ltd,Utilities,99.6,105,78.95,99.4,33050094,308000000000000.00,0.6178
23-01-2008,POWERGRID,Power Grid Corporation of India Ltd,Utilities,101,114.75,101,110.5,15989624,174000000000000.00,0.5105
24-01-2008,POWERGRID,Power Grid Corporation of India Ltd,Utilities,116.45,118.6,105.5,110.75,16825465,189000000000000.00,0.5739
25-01-2008,POWERGRID,Power Grid Corporation of India Ltd,Utilities,116,117,111.75,116.45,7059783,80300000000000.00,0.5381
28-01-2008,POWERGRID,Power Grid Corporation of India Ltd,Utilities,114.85,118.6,105.5,117.7,7650626,87300000000000.00,0.4744
29-01-2008,POWERGRID,Power Grid Corporation of India Ltd,Utilities,118,119.7,114,115.75,4319932,50500000000000.00,0.3602
30-01-2008,POWERGRID,Power Grid Corporation of India Ltd,Utilities,116,116.5,107.9,109.35,5071559,56700000000000.00,0.4552
31-01-2008,POWERGRID,Power Grid Corporation of India Ltd,Utilities,110.5,110.8,101,102.2,23365448,244000000000000.00,0.5323
01-02-2008,POWERGRID,Power Grid Corporation of India Ltd,Utilities,103.95,106.5,103,105.75,5112677,53600000000000.00,0.3114
04-02-2008,POWERGRID,Power Grid Corporation of India Ltd,Utilities,107.75,112.5,107.75,111.2,6755281,74700000000000.00,0.3074
05-02-2008,POWERGRID,Power Grid Corporation of India Ltd,Utilities,111.4,116.15,109,114.65,8208735,93500000000000.00,0.2481
06-02-2008,POWERGRID,Power Grid Corporation of India Ltd,Utilities,111.5,115,107.3,113.65,6991437,78600000000000.00,0.247
07-02-2008,POWERGRID,Power Grid Corporation of India Ltd,Utilities,112.1,115.95,107.6,108.3,6356296,71300000000000.00,0.3429
08-02-2008,POWERGRID,Power Grid Corporation of India Ltd,Utilities,109,109.9,103.55,105.5,7601738,80500000000000.00,0.3141
11-02-2008,POWERGRID,Power Grid Corporation of India Ltd,Utilities,107,107,97,98.05,8512501,85200000000000.00,0.3745
12-02-2008,POWERGRID,Power Grid Corporation of India Ltd,Utilities,101,101.65,95.5,96.3,5758667,56300000000000.00,0.3138
13-02-2008,POWERGRID,Power Grid Corporation of India Ltd,Utilities,98,99.25,92.95,94.9,5847613,55900000000000.00,0.3337
14-02-2008,POWERGRID,Power Grid Corporation of India Ltd,Utilities,97,104.25,97,103.2,7039129,70700000000000.00,0.3377
15-02-2008,POWERGRID,Power Grid Corporation of India Ltd,Utilities,102.8,107,100.05,106.15,6795559,70600000000000.00,0.2402
18-02-2008,POWERGRID,Power Grid Corporation of India Ltd,Utilities,108.55,108.55,104.65,105.55,3924650,41600000000000.00,0.3132
19-02-2008,POWERGRID,Power Grid Corporation of India Ltd,Utilities,107.45,107.7,103.6,104.4,4064931,43100000000000.00,0.3491
20-02-2008,POWERGRID,Power Grid Corporation of India Ltd,Utilities,103.4,103.45,100.65,101.8,3152813,32100000000000.00,0.3707
21-02-2008,POWERGRID,Power Grid Corporation of India Ltd,Utilities,103.45,104.25,101.25,102.5,2179331,22400000000000.00,0.2741
22-02-2008,POWERGRID,Power Grid Corporation of India Ltd,Utilities,99.1,101.85,98.05,101.2,1513812,15300000000000.00,0.3322
25-02-2008,POWERGRID,Power Grid Corporation of India Ltd,Utilities,102.4,103.3,99.6,102.05,3526981,35700000000000.00,0.4698
26-12-2003,TATAMOTORS,Tata Motors Ltd,Automobile,435.8,440.5,431.65,438.6,1534637,67100000000000.00,0.19
29-12-2003,TATAMOTORS,Tata Motors Ltd,Automobile,441,449.7,441,447.8,2125952,95000000000000.00,0.1796
30-12-2003,TATAMOTORS,Tata Motors Ltd,Automobile,450,451.9,430.1,442.4,2683293,119000000000000.00,0.2622
31-12-2003,TATAMOTORS,Tata Motors Ltd,Automobile,446,459.3,443.55,452.05,4311596,196000000000000.00,0.1232
01-01-2004,TATAMOTORS,Tata Motors Ltd,Automobile,453.25,457.9,451.5,454.45,2077604,94600000000000.00,0.1336
02-01-2004,TATAMOTORS,Tata Motors Ltd,Automobile,458,460.35,454.05,456.4,1704790,78000000000000.00,0.1598
05-01-2004,TATAMOTORS,Tata Motors Ltd,Automobile,458,465,450.6,454.85,2141245,97700000000000.00,0.1623
06-01-2004,TATAMOTORS,Tata Motors Ltd,Automobile,460,465,448.5,454.45,2360145,109000000000000.00,0.2228
07-01-2004,TATAMOTORS,Tata Motors Ltd,Automobile,451.4,454.7,438.1,446.45,3766229,167000000000000.00,0.2763
08-01-2004,TATAMOTORS,Tata Motors Ltd,Automobile,449,466.95,449,464.75,1965051,90500000000000.00,0.194
09-01-2004,TATAMOTORS,Tata Motors Ltd,Automobile,474.9,476.45,461,466.35,2419589,114000000000000.00,0.1808
12-01-2004,TATAMOTORS,Tata Motors Ltd,Automobile,494,494,461,467.65,2693205,127000000000000.00,0.1237
13-01-2004,TATAMOTORS,Tata Motors Ltd,Automobile,462,497.4,444.5,493.95,4784619,230000000000000.00,0.1851
14-01-2004,TATAMOTORS,Tata Motors Ltd,Automobile,495,513.9,490.9,508.85,4844528,244000000000000.00,0.1561
15-01-2004,TATAMOTORS,Tata Motors Ltd,Automobile,515,515,486.65,490.55,4567747,230000000000000.00,0.0864
16-01-2004,TATAMOTORS,Tata Motors Ltd,Automobile,491,502.9,480.3,487.5,5268689,260000000000000.00,0.0769
19-01-2004,TATAMOTORS,Tata Motors Ltd,Automobile,490,511.25,485.3,508.3,4226284,210000000000000.00,0.1123
20-01-2004,TATAMOTORS,Tata Motors Ltd,Automobile,512.1,518.85,481.55,488.6,5874737,295000000000000.00,0.1029
21-01-2004,TATAMOTORS,Tata Motors Ltd,Automobile,488,489.95,453,459.05,6732245,321000000000000.00,0.1459
22-01-2004,TATAMOTORS,Tata Motors Ltd,Automobile,460,474.3,408,422.3,9412019,424000000000000.00,0.1259
23-01-2004,TATAMOTORS,Tata Motors Ltd,Automobile,438,469.85,428.65,466.3,7337845,328000000000000.00,0.1165
27-01-2004,TATAMOTORS,Tata Motors Ltd,Automobile,470.25,518,470.25,510.55,8723195,434000000000000.00,0.1815
28-01-2004,TATAMOTORS,Tata Motors Ltd,Automobile,512,531.35,499.35,518.1,13795112,711000000000000.00,0.1354
29-01-2004,TATAMOTORS,Tata Motors Ltd,Automobile,511,540.5,511,528.9,11299283,594000000000000.00,0.1354
30-01-2004,TATAMOTORS,Tata Motors Ltd,Automobile,529.5,532,516.05,520.4,9339834,488000000000000.00,0.1409
03-02-2004,TATAMOTORS,Tata Motors Ltd,Automobile,522.5,525.7,500.95,509.6,7314820,376000000000000.00,0.206
04-02-2004,TATAMOTORS,Tata Motors Ltd,Automobile,510,546.4,510,544.4,7188802,380000000000000.00,0.1704
05-02-2004,TATAMOTORS,Tata Motors Ltd,Automobile,454.8,551.55,450,517,10430139,555000000000000.00,0.1051
06-02-2004,TATAMOTORS,Tata Motors Ltd,Automobile,523.9,534.4,510.1,532,7558299,395000000000000.00,0.0953
09-02-2004,TATAMOTORS,Tata Motors Ltd,Automobile,535,544.35,528,542.1,5958927,320000000000000.00,0.1546
10-02-2004,TATAMOTORS,Tata Motors Ltd,Automobile,520.25,544.4,520.25,534.2,6108370,327000000000000.00,0.0871
11-02-2004,TATAMOTORS,Tata Motors Ltd,Automobile,532.1,544.8,532.1,542.4,4050724,218000000000000.00,0.0992
12-02-2004,TATAMOTORS,Tata Motors Ltd,Automobile,550,550,533.1,541.1,4622705,251000000000000.00,0.1322
13-02-2004,TATAMOTORS,Tata Motors Ltd,Automobile,441.9,555.5,441.9,553.9,4917286,269000000000000.00,0.1764
16-02-2004,TATAMOTORS,Tata Motors Ltd,Automobile,554.95,565.4,550.25,560.15,4875218,273000000000000.00,0.097
17-02-2004,TATAMOTORS,Tata Motors Ltd,Automobile,557.85,561.4,551.95,559.3,4178681,233000000000000.00,0.1406
18-02-2004,TATAMOTORS,Tata Motors Ltd,Automobile,560,570.3,560,563.5,3938835,223000000000000.00,0.0929
19-02-2004,TATAMOTORS,Tata Motors Ltd,Automobile,564.1,568,540.05,543.8,5972839,329000000000000.00,0.1474
20-02-2004,TATAMOTORS,Tata Motors Ltd,Automobile,544,558,532.1,552.1,6499838,355000000000000.00,0.1277
23-02-2004,TATAMOTORS,Tata Motors Ltd,Automobile,551.15,558,521.15,526.95,4180520,226000000000000.00,0.1287
24-02-2004,TATAMOTORS,Tata Motors Ltd,Automobile,525.8,534.4,511.55,525.95,7011692,366000000000000.00,0.1449
25-02-2004,TATAMOTORS,Tata Motors Ltd,Automobile,526,527.05,494.65,497.95,10625695,537000000000000.00,0.1414
26-02-2004,TATAMOTORS,Tata Motors Ltd,Automobile,498.5,514,494.15,496.45,8332352,420000000000000.00,0.1107
27-02-2004,TATAMOTORS,Tata Motors Ltd,Automobile,500.9,513.45,491.3,508.85,7788271,391000000000000.00,0.1181
01-03-2004,TATAMOTORS,Tata Motors Ltd,Automobile,517,524.5,512.1,523,3922786,203000000000000.00,0.1308
03-03-2004,TATAMOTORS,Tata Motors Ltd,Automobile,524,542,523.15,537.05,6692503,357000000000000.00,0.1412
04-03-2004,TATAMOTORS,Tata Motors Ltd,Automobile,536,538,517.1,521.45,4461505,235000000000000.00,0.0766
05-03-2004,TATAMOTORS,Tata Motors Ltd,Automobile,524.85,535.45,520.5,533.05,4105105,217000000000000.00,0.0558
08-03-2004,TATAMOTORS,Tata Motors Ltd,Automobile,536,542.9,530.1,534.55,2678723,143000000000000.00,0.1662
09-03-2004,TATAMOTORS,Tata Motors Ltd,Automobile,537.8,539.9,513.65,520.45,5543395,289000000000000.00,0.1545
10-03-2004,TATAMOTORS,Tata Motors Ltd,Automobile,514.9,514.9,501.65,504.2,6279968,318000000000000.00,0.17
11-03-2004,TATAMOTORS,Tata Motors Ltd,Automobile,500,502.5,484.2,486.55,5810962,287000000000000.00,0.1651
12-03-2004,TATAMOTORS,Tata Motors Ltd,Automobile,482.9,491.85,477,489.3,6295151,304000000000000.00,0.125
15-03-2004,TATAMOTORS,Tata Motors Ltd,Automobile,495.8,495.8,462.15,470.05,7337219,349000000000000.00,0.1704
16-03-2004,TATAMOTORS,Tata Motors Ltd,Automobile,464.25,477.7,449.55,458.85,7845778,362000000000000.00,0.1319
17-03-2004,TATAMOTORS,Tata Motors Ltd,Automobile,466.9,473.7,459,467.3,4536156,212000000000000.00,0.1023
18-03-2004,TATAMOTORS,Tata Motors Ltd,Automobile,469.1,470,449.15,452.05,5514755,253000000000000.00,0.1195
19-03-2004,TATAMOTORS,Tata Motors Ltd,Automobile,452,466.85,451.2,456.8,5128477,235000000000000.00,0.1612
22-03-2004,TATAMOTORS,Tata Motors Ltd,Automobile,450,452.8,432.2,434.65,4419056,195000000000000.00,0.1809
23-03-2004,TATAMOTORS,Tata Motors Ltd,Automobile,430,444.5,425.15,431.8,4904825,214000000000000.00,0.1138
24-03-2004,TATAMOTORS,Tata Motors Ltd,Automobile,431,440.4,429,438.25,4206112,183000000000000.00,0.1447
25-03-2004,TATAMOTORS,Tata Motors Ltd,Automobile,439.75,456,438.3,449.45,5013337,223000000000000.00,0.1369
26-03-2004,TATAMOTORS,Tata Motors Ltd,Automobile,457.2,468.8,455.25,466.35,3243245,150000000000000.00,0.2235
29-03-2004,TATAMOTORS,Tata Motors Ltd,Automobile,469.9,475,452.5,472.95,3233956,150000000000000.00,0.1504
30-03-2004,TATAMOTORS,Tata Motors Ltd,Automobile,475.25,490,468,469.5,3378275,160000000000000.00,0.1203
31-03-2004,TATAMOTORS,Tata Motors Ltd,Automobile,471.4,488.9,468,485.85,3212849,154000000000000.00,0.1512
01-04-2004,TATAMOTORS,Tata Motors Ltd,Automobile,482.55,496.85,482.55,494.7,2931471,144000000000000.00,0.1493
02-04-2004,TATAMOTORS,Tata Motors Ltd,Automobile,496,499.7,487.9,496.45,3126693,155000000000000.00,0.1019
05-04-2004,TATAMOTORS,Tata Motors Ltd,Automobile,502,517.45,498,509.25,3423403,174000000000000.00,0.1517
06-04-2004,TATAMOTORS,Tata Motors Ltd,Automobile,516.8,516.8,493,500.65,3752398,188000000000000.00,0.096
07-04-2004,TATAMOTORS,Tata Motors Ltd,Automobile,506.8,507,489.3,497.85,2395960,119000000000000.00,0.1169
08-04-2004,TATAMOTORS,Tata Motors Ltd,Automobile,500,507.4,489.1,502.35,4694512,234000000000000.00,0.0937
12-04-2004,TATAMOTORS,Tata Motors Ltd,Automobile,506,512.25,495.5,499.15,2153421,109000000000000.00,0.1016
13-04-2004,TATAMOTORS,Tata Motors Ltd,Automobile,500,513.4,487.25,510.5,3718081,186000000000000.00,0.1492
15-04-2004,TATAMOTORS,Tata Motors Ltd,Automobile,513.1,518.5,489.05,510.15,4500537,231000000000000.00,0.1021
16-04-2004,TATAMOTORS,Tata Motors Ltd,Automobile,511.55,518,506.1,508.8,3342047,171000000000000.00,0.1917
17-04-2004,TATAMOTORS,Tata Motors Ltd,Automobile,511,511.5,504.35,505.6,737562,37400000000000.00,0.0707
19-04-2004,TATAMOTORS,Tata Motors Ltd,Automobile,502.25,509.4,485.6,487.95,3513520,174000000000000.00,0.1359
20-04-2004,TATAMOTORS,Tata Motors Ltd,Automobile,491.75,494.85,483.35,492.1,3180399,156000000000000.00,0.2
21-04-2004,TATAMOTORS,Tata Motors Ltd,Automobile,491,514.9,488.2,512.5,4473501,227000000000000.00,0.1703
22-04-2004,TATAMOTORS,Tata Motors Ltd,Automobile,520,527.2,508.55,525.2,4634127,241000000000000.00,0.1873
23-04-2004,TATAMOTORS,Tata Motors Ltd,Automobile,525.5,527.9,516.35,518.8,3309711,172000000000000.00,0.1431
27-04-2004,TATAMOTORS,Tata Motors Ltd,Automobile,510,510,478.2,481.35,4219370,206000000000000.00,0.2539
28-04-2004,TATAMOTORS,Tata Motors Ltd,Automobile,479,494.4,473.25,484.65,6508142,316000000000000.00,0.1014
29-04-2004,TATAMOTORS,Tata Motors Ltd,Automobile,465,489.3,465,478.65,5056047,243000000000000.00,0.2377
30-04-2004,TATAMOTORS,Tata Motors Ltd,Automobile,480,486.7,466,472.4,4102249,197000000000000.00,0.1531
03-05-2004,TATAMOTORS,Tata Motors Ltd,Automobile,472.8,472.8,450.5,465.45,6132623,282000000000000.00,0.1026
04-05-2004,TATAMOTORS,Tata Motors Ltd,Automobile,478.8,480.8,470.25,474.45,5433039,259000000000000.00,0.1484
05-05-2004,TATAMOTORS,Tata Motors Ltd,Automobile,480,483.5,468.55,482.15,3848623,184000000000000.00,0.1314
06-05-2004,TATAMOTORS,Tata Motors Ltd,Automobile,490,491,478.55,484.65,5801594,281000000000000.00,0.2589
07-05-2004,TATAMOTORS,Tata Motors Ltd,Automobile,488,488,471.65,476.75,5693418,272000000000000.00,0.2023
10-05-2004,TATAMOTORS,Tata Motors Ltd,Automobile,462,469.8,432.55,458.2,5621268,258000000000000.00,0.2322
11-05-2004,TATAMOTORS,Tata Motors Ltd,Automobile,454,454,422.35,428.65,5424984,237000000000000.00,0.245
12-05-2004,TATAMOTORS,Tata Motors Ltd,Automobile,426.95,447.3,426.95,440.5,6638480,293000000000000.00,0.1763
13-05-2004,TATAMOTORS,Tata Motors Ltd,Automobile,422.35,458.8,412.2,445.1,6599599,292000000000000.00,0.2026
14-05-2004,TATAMOTORS,Tata Motors Ltd,Automobile,451.9,451.9,392.3,414.25,7355944,310000000000000.00,0.2448
17-05-2004,TATAMOTORS,Tata Motors Ltd,Automobile,400,416.1,300,372.9,5765890,220000000000000.00,0.3615
18-05-2004,TATAMOTORS,Tata Motors Ltd,Automobile,368.7,418,368.7,401.25,6674239,263000000000000.00,0.322
19-05-2004,TATAMOTORS,Tata Motors Ltd,Automobile,408,475,408,420.9,4858887,204000000000000.00,0.1398
20-05-2004,TATAMOTORS,Tata Motors Ltd,Automobile,432,434.7,415.1,420.85,5149222,220000000000000.00,0.2059
28-02-2007,ZEEL,Zee Entertainment Enterprises Ltd,Media & Entertainment,230,241.9,210.5,235.35,2481079,57800000000000.00,0.7095
01-03-2007,ZEEL,Zee Entertainment Enterprises Ltd,Media & Entertainment,235,237.9,222,224.9,1784382,40100000000000.00,0.7113
02-03-2007,ZEEL,Zee Entertainment Enterprises Ltd,Media & Entertainment,228.8,229.95,221.2,222.2,1656992,37200000000000.00,0.5373
05-03-2007,ZEEL,Zee Entertainment Enterprises Ltd,Media & Entertainment,220,229,208,217.85,1958025,41700000000000.00,0.8172
06-03-2007,ZEEL,Zee Entertainment Enterprises Ltd,Media & Entertainment,225,229,215.5,224.35,1433199,31500000000000.00,0.6577
07-03-2007,ZEEL,Zee Entertainment Enterprises Ltd,Media & Entertainment,225.5,231.6,216.65,218.05,1806574,40700000000000.00,0.5821
08-03-2007,ZEEL,Zee Entertainment Enterprises Ltd,Media & Entertainment,219,230,215.1,228.15,1536967,34000000000000.00,0.6217
09-03-2007,ZEEL,Zee Entertainment Enterprises Ltd,Media & Entertainment,229,234.25,224.6,228.15,764569,17500000000000.00,0.4185
12-03-2007,ZEEL,Zee Entertainment Enterprises Ltd,Media & Entertainment,228.2,235.8,227,233.05,891787,20700000000000.00,0.5792
13-03-2007,ZEEL,Zee Entertainment Enterprises Ltd,Media & Entertainment,233.05,237,232,234.4,328623,7710000000000.00,0.3495
14-03-2007,ZEEL,Zee Entertainment Enterprises Ltd,Media & Entertainment,231.9,235,215,232.45,850596,19700000000000.00,0.6817
15-03-2007,ZEEL,Zee Entertainment Enterprises Ltd,Media & Entertainment,235,241.8,225.15,228.55,886311,20900000000000.00,0.4325
16-03-2007,ZEEL,Zee Entertainment Enterprises Ltd,Media & Entertainment,232.9,234.5,225.1,233.05,522608,12000000000000.00,0.496
19-03-2007,ZEEL,Zee Entertainment Enterprises Ltd,Media & Entertainment,234.05,238.5,231.95,237.55,364656,8600000000000.00,0.5323
20-03-2007,ZEEL,Zee Entertainment Enterprises Ltd,Media & Entertainment,239.75,247.95,238.5,245.5,444785,10800000000000.00,0.4912
21-03-2007,ZEEL,Zee Entertainment Enterprises Ltd,Media & Entertainment,241,255.5,241,251.5,679211,17000000000000.00,0.4426
22-03-2007,ZEEL,Zee Entertainment Enterprises Ltd,Media & Entertainment,254,255.95,246.6,247.8,1227224,30700000000000.00,0.6062
23-03-2007,ZEEL,Zee Entertainment Enterprises Ltd,Media & Entertainment,249.3,251.95,229.35,237.8,1572564,38300000000000.00,0.6249
26-03-2007,ZEEL,Zee Entertainment Enterprises Ltd,Media & Entertainment,240,243.95,235,236.1,531472,12700000000000.00,0.56
28-03-2007,ZEEL,Zee Entertainment Enterprises Ltd,Media & Entertainment,222.25,244.9,222.25,240.65,1363068,32700000000000.00,0.6306
29-03-2007,ZEEL,Zee Entertainment Enterprises Ltd,Media & Entertainment,242.65,255,237,251.4,2170489,53800000000000.00,0.6052
30-03-2007,ZEEL,Zee Entertainment Enterprises Ltd,Media & Entertainment,253,253,246.05,250.7,766171,19100000000000.00,0.4292
02-04-2007,ZEEL,Zee Entertainment Enterprises Ltd,Media & Entertainment,247.3,255,238.2,239.95,931605,22900000000000.00,0.4766
03-04-2007,ZEEL,Zee Entertainment Enterprises Ltd,Media & Entertainment,240.5,245.05,238.1,240.7,599467,14500000000000.00,0.5958
04-04-2007,ZEEL,Zee Entertainment Enterprises Ltd,Media & Entertainment,242.9,255,242.9,252.35,1170883,29200000000000.00,0.5879
05-04-2007,ZEEL,Zee Entertainment Enterprises Ltd,Media & Entertainment,250,275,250,269.9,2861639,76000000000000.00,0.4918
09-04-2007,ZEEL,Zee Entertainment Enterprises Ltd,Media & Entertainment,271,275,266.85,268,1011116,27300000000000.00,0.3745
10-04-2007,ZEEL,Zee Entertainment Enterprises Ltd,Media & Entertainment,267.9,274.8,263.35,270,1484377,39700000000000.00,0.5045
11-04-2007,ZEEL,Zee Entertainment Enterprises Ltd,Media & Entertainment,270,273.9,261.25,264.5,1053213,28200000000000.00,0.5306
12-04-2007,ZEEL,Zee Entertainment Enterprises Ltd,Media & Entertainment,260,263.5,251,253.65,803530,20600000000000.00,0.5225
13-04-2007,ZEEL,Zee Entertainment Enterprises Ltd,Media & Entertainment,255,264.5,253.25,255.2,1330044,34500000000000.00,0.5553
16-04-2007,ZEEL,Zee Entertainment Enterprises Ltd,Media & Entertainment,258,274,258,272.05,1461412,39300000000000.00,0.5094
17-04-2007,ZEEL,Zee Entertainment Enterprises Ltd,Media & Entertainment,272,275,264.35,266.85,1209574,32700000000000.00,0.5361
18-04-2007,ZEEL,Zee Entertainment Enterprises Ltd,Media & Entertainment,268,282.6,268,277.95,2518824,69900000000000.00,0.3829
19-04-2007,ZEEL,Zee Entertainment Enterprises Ltd,Media & Entertainment,274,278.85,263.05,265.65,2089378,56000000000000.00,0.3995
20-04-2007,ZEEL,Zee Entertainment Enterprises Ltd,Media & Entertainment,269.2,274.45,262.05,267.25,1769524,47300000000000.00,0.4548
23-04-2007,ZEEL,Zee Entertainment Enterprises Ltd,Media & Entertainment,267,275.9,263.4,273.5,2052713,55900000000000.00,0.5494
24-04-2007,ZEEL,Zee Entertainment Enterprises Ltd,Media & Entertainment,271,303.9,263.2,294.85,4320557,125000000000000.00,0.5192
25-04-2007,ZEEL,Zee Entertainment Enterprises Ltd,Media & Entertainment,291,294,282.05,287.95,1416789,40600000000000.00,0.4522
26-04-2007,ZEEL,Zee Entertainment Enterprises Ltd,Media & Entertainment,290,295,287,291.95,1325341,38600000000000.00,0.3736
27-04-2007,ZEEL,Zee Entertainment Enterprises Ltd,Media & Entertainment,294,295,282.75,288.35,973925,28000000000000.00,0.4355
30-04-2007,ZEEL,Zee Entertainment Enterprises Ltd,Media & Entertainment,286.5,295,276.3,293.85,1060248,30400000000000.00,0.3167
03-05-2007,ZEEL,Zee Entertainment Enterprises Ltd,Media & Entertainment,296.5,300.7,291,293.55,1637708,48500000000000.00,0.4907
04-05-2007,ZEEL,Zee Entertainment Enterprises Ltd,Media & Entertainment,294.7,299.8,288.05,289.65,674453,19800000000000.00,0.3399
07-05-2007,ZEEL,Zee Entertainment Enterprises Ltd,Media & Entertainment,290,294.75,285,287.1,534379,15500000000000.00,0.3757
08-05-2007,ZEEL,Zee Entertainment Enterprises Ltd,Media & Entertainment,286.9,292.75,283.1,286.75,894391,25700000000000.00,0.3303
09-05-2007,ZEEL,Zee Entertainment Enterprises Ltd,Media & Entertainment,286.9,288,283.25,286.75,404450,11600000000000.00,0.2477
10-05-2007,ZEEL,Zee Entertainment Enterprises Ltd,Media & Entertainment,288.9,292.8,276.65,278.15,1342448,38100000000000.00,0.5337
11-05-2007,ZEEL,Zee Entertainment Enterprises Ltd,Media & Entertainment,275,283.9,270.05,282.3,1168231,32500000000000.00,0.3535
14-05-2007,ZEEL,Zee Entertainment Enterprises Ltd,Media & Entertainment,287.4,289,283,284.1,412400,11800000000000.00,0.457
15-05-2007,ZEEL,Zee Entertainment Enterprises Ltd,Media & Entertainment,287.9,294.8,278.65,293,1424713,41300000000000.00,0.5358
16-05-2007,ZEEL,Zee Entertainment Enterprises Ltd,Media & Entertainment,294,303.45,291.1,294.45,1743227,51800000000000.00,0.3339
17-05-2007,ZEEL,Zee Entertainment Enterprises Ltd,Media & Entertainment,296,299.5,290.15,293.9,897216,26600000000000.00,0.4898
18-05-2007,ZEEL,Zee Entertainment Enterprises Ltd,Media & Entertainment,290,295.8,285.5,289.55,834056,24200000000000.00,0.4273
21-05-2007,ZEEL,Zee Entertainment Enterprises Ltd,Media & Entertainment,292,303.9,290.25,298.85,1933284,57800000000000.00,0.5801
22-05-2007,ZEEL,Zee Entertainment Enterprises Ltd,Media & Entertainment,301,314.55,299,312.25,2787653,86400000000000.00,0.3928
23-05-2007,ZEEL,Zee Entertainment Enterprises Ltd,Media & Entertainment,311,316.9,306.05,309.7,1745833,54300000000000.00,0.3702
24-05-2007,ZEEL,Zee Entertainment Enterprises Ltd,Media & Entertainment,310,313,295,299.85,1421483,43400000000000.00,0.563
25-05-2007,ZEEL,Zee Entertainment Enterprises Ltd,Media & Entertainment,296.4,319.9,285,317,2320133,71700000000000.00,0.4335
28-05-2007,ZEEL,Zee Entertainment Enterprises Ltd,Media & Entertainment,320,325,314,315.35,1902956,60800000000000.00,0.5536
29-05-2007,ZEEL,Zee Entertainment Enterprises Ltd,Media & Entertainment,315,320,311,312.8,1134694,35800000000000.00,0.2538
30-05-2007,ZEEL,Zee Entertainment Enterprises Ltd,Media & Entertainment,310.1,315.85,294.5,298.05,1366620,41800000000000.00,0.4209
31-05-2007,ZEEL,Zee Entertainment Enterprises Ltd,Media & Entertainment,300.7,319.7,300,313.65,1984469,61600000000000.00,0.5079
01-06-2007,ZEEL,Zee Entertainment Enterprises Ltd,Media & Entertainment,317,317,306.05,307.4,855084,26500000000000.00,0.4295
04-06-2007,ZEEL,Zee Entertainment Enterprises Ltd,Media & Entertainment,310,312.5,303,304.5,679625,20900000000000.00,0.5023
05-06-2007,ZEEL,Zee Entertainment Enterprises Ltd,Media & Entertainment,307.3,308.8,301.3,304.6,744073,22700000000000.00,0.4627
06-06-2007,ZEEL,Zee Entertainment Enterprises Ltd,Media & Entertainment,300,307.8,290,291.6,1242216,37000000000000.00,0.4733
07-06-2007,ZEEL,Zee Entertainment Enterprises Ltd,Media & Entertainment,290,295.8,283.1,287.2,1986026,57400000000000.00,0.4874
08-06-2007,ZEEL,Zee Entertainment Enterprises Ltd,Media & Entertainment,286.9,287.8,280,285.7,2003729,56700000000000.00,0.5652
11-06-2007,ZEEL,Zee Entertainment Enterprises Ltd,Media & Entertainment,288,293,275.25,277.55,1430780,40400000000000.00,0.4817
12-06-2007,ZEEL,Zee Entertainment Enterprises Ltd,Media & Entertainment,279.5,282.8,275.5,280.85,807212,22500000000000.00,0.385
13-06-2007,ZEEL,Zee Entertainment Enterprises Ltd,Media & Entertainment,282,284.5,277.1,282.45,793992,22400000000000.00,0.5488
14-06-2007,ZEEL,Zee Entertainment Enterprises Ltd,Media & Entertainment,287,288.7,283,284.35,497833,14200000000000.00,0.1751
15-06-2007,ZEEL,Zee Entertainment Enterprises Ltd,Media & Entertainment,285.25,293,283.15,284.7,749264,21600000000000.00,0.2841
18-06-2007,ZEEL,Zee Entertainment Enterprises Ltd,Media & Entertainment,288.8,292.95,284.1,288.15,897251,25900000000000.00,0.4507
19-06-2007,ZEEL,Zee Entertainment Enterprises Ltd,Media & Entertainment,286,298.25,286,296.1,796737,23400000000000.00,0.4541
20-06-2007,ZEEL,Zee Entertainment Enterprises Ltd,Media & Entertainment,286,298.7,286,293.55,1656692,48500000000000.00,0.7645
21-06-2007,ZEEL,Zee Entertainment Enterprises Ltd,Media & Entertainment,294,303.05,291.05,299.3,1539465,46200000000000.00,0.6895
22-06-2007,ZEEL,Zee Entertainment Enterprises Ltd,Media & Entertainment,296.5,301.5,294.1,297.4,1096486,32400000000000.00,0.6708
25-06-2007,ZEEL,Zee Entertainment Enterprises Ltd,Media & Entertainment,298.8,300.4,293.4,294.95,418030,12400000000000.00,0.4794
26-06-2007,ZEEL,Zee Entertainment Enterprises Ltd,Media & Entertainment,294.9,298.4,289.2,295.95,1030149,30400000000000.00,0.5587
27-06-2007,ZEEL,Zee Entertainment Enterprises Ltd,Media & Entertainment,297,298.9,288.9,291.15,881545,25800000000000.00,0.602
28-06-2007,ZEEL,Zee Entertainment Enterprises Ltd,Media & Entertainment,293.55,294.5,285,287.05,2842744,82100000000000.00,0.7568
29-06-2007,ZEEL,Zee Entertainment Enterprises Ltd,Media & Entertainment,292.9,305.95,289,297.3,2054454,61300000000000.00,0.4905
02-07-2007,ZEEL,Zee Entertainment Enterprises Ltd,Media & Entertainment,298.2,299.95,290.55,291.9,1238018,36500000000000.00,0.6581
03-07-2007,ZEEL,Zee Entertainment Enterprises Ltd,Media & Entertainment,294.9,299.5,293,294.1,977739,28800000000000.00,0.7136
04-07-2007,ZEEL,Zee Entertainment Enterprises Ltd,Media & Entertainment,296.5,304.25,295,299.05,1874445,56100000000000.00,0.5029
05-07-2007,ZEEL,Zee Entertainment Enterprises Ltd,Media & Entertainment,299,302.8,291.1,300.3,1647543,48700000000000.00,0.5704
06-07-2007,ZEEL,Zee Entertainment Enterprises Ltd,Media & Entertainment,301,313.45,297,310.8,2239350,68600000000000.00,0.3409
09-07-2007,ZEEL,Zee Entertainment Enterprises Ltd,Media & Entertainment,311,321.5,311,319.5,2829096,89500000000000.00,0.4991
10-07-2007,ZEEL,Zee Entertainment Enterprises Ltd,Media & Entertainment,321.1,326.75,317,319.85,1984742,63900000000000.00,0.4286
11-07-2007,ZEEL,Zee Entertainment Enterprises Ltd,Media & Entertainment,319.6,325.4,315.25,318,1187149,37900000000000.00,0.3927
12-07-2007,ZEEL,Zee Entertainment Enterprises Ltd,Media & Entertainment,320,329.9,320,323.65,1977090,64400000000000.00,0.4159
13-07-2007,ZEEL,Zee Entertainment Enterprises Ltd,Media & Entertainment,327.8,346.9,321,342.9,4312231,144000000000000.00,0.4348
16-07-2007,ZEEL,Zee Entertainment Enterprises Ltd,Media & Entertainment,341.9,343.95,325.05,335.8,3382485,114000000000000.00,0.5823
17-07-2007,ZEEL,Zee Entertainment Enterprises Ltd,Media & Entertainment,336,348.4,333.1,335.05,4342427,147000000000000.00,0.6969
18-07-2007,ZEEL,Zee Entertainment Enterprises Ltd,Media & Entertainment,338,345,319.1,326.65,3681548,122000000000000.00,0.4499
19-07-2007,ZEEL,Zee Entertainment Enterprises Ltd,Media & Entertainment,325,344.15,324,333.95,3128193,105000000000000.00,0.4179
20-07-2007,ZEEL,Zee Entertainment Enterprises Ltd,Media & Entertainment,337.8,339,325.9,330.85,909108,30100000000000.00,0.2665
23-07-2007,ZEEL,Zee Entertainment Enterprises Ltd,Media & Entertainment,327,343.15,327,339.15,2627997,88800000000000.00,0.6478
